annee,mois,regroupement2,poids_enquete_kg,poids_mg_kg,valeur_tot_mg_fr,valeur_moy,indice_isee,indice_mg,quotas_date_debut,quotas_date_fin,quotas_contingent_t,quotas_realise_t
2012,5,TOTAL LEGUMES,478444.39999999997,187734.39421961998,56826095.5,302.69411066744823,94.52672595914741,,,,,
2012,1,TOTAL LEGUMES,343850.0,296417.0,89563638.0,302.15418818758707,98.80399125314585,,,,,
2012,8,TOTAL LEGUMES,760920.5,377513.6325242879,106359231.5,281.73613437166995,88.1903466488601,,,,,
2012,6,TOTAL LEGUMES,530489.0,315026.6214444847,97550763.0,309.65879185924865,89.77234888088692,,,,,
2012,7,TOTAL LEGUMES,695159.7000000001,351144.49865231314,111428384.90014601,317.3291489053832,89.64679314818638,,,,,
2012,9,TOTAL LEGUMES,850450.0,517984.91613945394,116710464.0,225.31633714325912,84.39856352130376,,,,,
2012,3,TOTAL LEGUMES,382093.4,228927.41979300277,64528165.0,281.8717175004491,95.30517150189077,,,,,
2013,1,TOTAL LEGUMES,468893.1999999999,399847.0,117647759.0,294.2319412175157,97.15502596367874,,,,,
2013,6,TOTAL LEGUMES,566462.0,284778.60352511,93912137.175176,329.7724478338325,100.20184507721187,,,,,
2013,11,TOTAL LEGUMES,837099.4,471199.0,114163916.0,242.28386732569467,84.09722976282247,,,,,
2013,5,TOTAL LEGUMES,578449.2,219305.7922278991,74092469.35159999,337.8500339589949,99.86702979001043,,,,,
2013,8,TOTAL LEGUMES,607738.5,344312.6254548612,124843827.859888,362.58858557672846,97.9334715064221,,,,,
2014,5,TOTAL LEGUMES,600101.2,246471.0,73504320.0,298.2270530812956,92.5513157646589,,,,,
2014,1,TOTAL LEGUMES,500010.8,325257.0,108405883.0,333.2930052235617,90.80190588903136,,,,,
2015,5,TOTAL LEGUMES,527445.6,189821.0,67690343.0,356.6009187603058,91.09486926533262,,,,,
2015,8,TOTAL LEGUMES,1021426.15,358040.0,95312090.0,266.20514467657244,85.46997244034839,,,,,
2015,9,TOTAL LEGUMES,1019238.0,483204.1,115491903.0,239.01267187095476,85.58715779086889,,,,,
2015,7,TOTAL LEGUMES,806016.1,270535.0,78988007.0,291.9696416360175,86.91804855749461,,,,,
2015,2,TOTAL LEGUMES,329845.25,148537.0,58603898.0,394.54074069087164,101.0891055882957,,,,,
2016,6,TOTAL LEGUMES,676781.1000000001,203227.0,65334541.0,321.4855358785988,90.92746162173191,,,,,
2016,5,TOTAL LEGUMES,451045.64999999997,117738.0,39950277.0,339.3150639555623,94.12494761450569,,,,,
2016,11,TOTAL LEGUMES,940311.0,230474.0,62688681.0,271.9989282955995,87.01849314365505,,,,,
2017,4,TOTAL LEGUMES,336755.80000000005,112151.25,48465713.0,432.1459903478561,101.47414316857736,,,,,
2017,1,TOTAL LEGUMES,534079.5500000002,304060.0,101826443.0,334.8893080313096,99.66614061768956,,,,,
2017,6,TOTAL LEGUMES,540004.4,221217.0,85163646.0,384.97785432403475,104.65488839699107,,,,,
2018,12,TOTAL LEGUMES,843802.2000000001,134476.15000000002,47033638.0,349.75449549975957,94.64391130966791,,,,,
2018,5,TOTAL LEGUMES,575359.7,197388.94999999995,77715001.0,393.71505345157374,103.04777501842415,,,,,
2018,9,TOTAL LEGUMES,1280188.8,192757.54999999993,53738192.0,278.7864444220214,86.55812212375307,,,,,
2018,7,TOTAL LEGUMES,907600.4,145113.3,46510305.0,320.51028403323477,92.59316767555909,,,,,
2018,11,TOTAL LEGUMES,964890.4,180691.25,51854859.0,286.98046529646564,87.83042021511855,,,,,
2018,3,TOTAL LEGUMES,425359.4,160411.75,76605957.0,477.5582649026646,110.21282216453501,,,,,
2018,10,TOTAL LEGUMES,1264185.6,243546.75,55869137.0,229.39799853621534,84.32323008168343,,,,,
2018,4,TOTAL LEGUMES,494295.9,171947.44999999998,79960330.0,465.0277163168166,111.84504668964206,,,,,
2019,2,TOTAL LEGUMES,384601.9,134819.3,44654903.0,331.2204039035954,94.29235525810641,,,,,
2020,11,TOTAL LEGUMES,910839.0,239361.14000000004,77886357.0,325.392655633241,94.13956047919443,87.2894010920788,,,,
2020,1,TOTAL LEGUMES,763736.5,208161.0,72124804.0,346.48567214800084,98.83345502326694,99.4167006138312,,,,
2020,12,TOTAL LEGUMES,774353.0,266373.11,96305927.0,361.5452287958045,108.02206384325514,99.11932853454411,2020-12-16,2021-01-15,343.384,80.31700000000001
2020,9,TOTAL LEGUMES,1143890.9,304968.68,88264350.0,289.42103169413986,89.1970134291247,76.78856924334396,,,,
2020,4,TOTAL LEGUMES,483616.0,157866.65,63700406.0,403.507681958159,99.67588523089711,111.05762209010936,,,,
2020,2,TOTAL LEGUMES,424659.0,59983.850000000006,23648747.0,394.251902803838,97.95519779623157,115.0444686748305,,,,
2020,6,TOTAL LEGUMES,756125.5,88572.70000000003,35029796.0,395.49201955004185,100.83403272835143,112.07010392207788,,,,
2020,3,TOTAL LEGUMES,435252.0,125157.59999999999,53938494.0,430.9645918426049,103.7076921207433,120.50736956038348,,,,
2021,10,TOTAL LEGUMES,979808.2,347528.3,92631498.0,266.54375485392126,83.10870334285713,75.01594574724213,2021-10-16,2021-11-15,153.24,0.0
2021,8,TOTAL LEGUMES,913498.5,330275.17,105561263.0,319.616103747672,102.09740643508128,89.59413575565277,2021-08-16,2021-09-15,147.56000000000006,0.0
2021,9,TOTAL LEGUMES,1007242.0,328391.01999999996,94040522.0,286.36752003754555,91.50398502335835,76.64321232223142,2021-09-16,2021-10-15,120.79999999999998,0.0
2021,2,TOTAL LEGUMES,239374.1,86589.28000000001,50546154.0,583.7460942047329,128.31626684294167,146.20465599795284,2021-02-16,2021-03-15,1089.5599999999997,0.0
2021,7,TOTAL LEGUMES,752065.0,258512.83,101397939.0,392.2356155398554,111.30026902271136,104.3949924078991,2021-07-16,2021-08-15,305.49000000000007,0.0
2021,1,TOTAL LEGUMES,385555.5,127398.0,58533286.0,459.4521578046751,111.82830147650036,119.08526424787078,2021-01-16,2021-02-15,885.7810000000001,637.8959999999998
2021,11,TOTAL LEGUMES,803566.5,383608.69,123249768.0,321.2903440743222,96.93799991900362,88.34764842408698,2021-11-16,2021-12-15,265.44,3.42
2021,3,TOTAL LEGUMES,291026.4,134323.6,77028345.0,573.4535479990113,131.30841252542515,151.53348188394597,2021-03-16,2021-04-15,1233.42,0.0
2022,12,TOTAL LEGUMES,516121.3,132458.19,61910778.0,467.39864103533347,129.9176728450207,121.38579491640029,2022-12-16,2023-01-15,710.475,416.516
2022,11,TOTAL LEGUMES,680657.0,188186.00000000003,74621877.0,396.5325635275737,114.1096882746976,105.54413672027208,2022-11-16,2022-12-15,560.0999999999999,252.198
2022,9,TOTAL LEGUMES,383316.0,187022.15,83816880.0,448.1655247787495,128.83162853017382,131.5313255381288,2022-09-16,2022-10-15,516.6600000000001,248.37099999999998
2023,3,TOTAL LEGUMES,481054.4,130921.09999999998,63958921.0,488.5302751046242,136.29820888265604,128.19184814056982,2023-03-16,2023-04-15,902.2000000000002,343.218
2023,4,TOTAL LEGUMES,490524.10000000003,112596.15999999999,53606841.0,476.09830566157854,133.2204603691597,128.39590615656695,2023-04-16,2023-05-15,878.675,247.07599999999996
2023,7,TOTAL LEGUMES,,157300.91999999998,68282358.0,434.0874675113153,,,,,,
2012,4,TOTAL FRUITS (HORS VANILLE),318298.0,175644.169922,41475049.0,236.1310883157592,87.90476063913046,,,,,
2012,7,TOTAL FRUITS (HORS VANILLE),324350.6,229452.6186504,53896558.1875,234.891885324779,93.83337891173271,,,,,
2012,9,TOTAL FRUITS (HORS VANILLE),385033.0,153545.219359,39906896.0938,259.9032145735176,96.26659835525308,,,,,
2012,12,TOTAL FRUITS (HORS VANILLE),642573.5,216799.57060429998,53316470.5,245.92516650926672,87.46783578549523,,,,,
2012,8,TOTAL FRUITS (HORS VANILLE),368025.0,161883.340094,38700685.625,239.06527751730266,91.55082321084518,,,,,
2012,3,TOTAL FRUITS (HORS VANILLE),325505.0,195465.11965520002,43945541.0,224.8254884427453,82.22473754187239,,,,,
2013,6,TOTAL FRUITS (HORS VANILLE),395251.0,192955.69930910497,47420465.447298,245.75830419672076,94.8729587358993,,,,,
2013,4,TOTAL FRUITS (HORS VANILLE),348000.0,188512.79752556398,47064914.90039,249.66429610174126,89.81819017056752,,,,,
2014,7,TOTAL FRUITS (HORS VANILLE),378591.0,153282.0,44762685.0,292.0283203507261,91.37002671968578,,,,,
2014,6,TOTAL FRUITS (HORS VANILLE),383121.0,187702.0,51246249.0,273.01919532024164,97.42670917352595,,,,,
2014,9,TOTAL FRUITS (HORS VANILLE),294869.0,148007.0,42795761.0,289.1468714317566,103.34779425899654,,,,,
2014,10,TOTAL FRUITS (HORS VANILLE),359352.5,182431.0,51356897.0,281.5140902587828,111.08437744319288,,,,,
2014,2,TOTAL FRUITS (HORS VANILLE),263452.0,134283.0,32660718.0,243.2230289761176,90.91803549178725,,,,,
2015,2,TOTAL FRUITS (HORS VANILLE),268936.0,123106.0,30791605.0,250.1226991373288,93.89364440878585,,,,,
2015,6,TOTAL FRUITS (HORS VANILLE),321950.0,170919.0,44996057.0,263.2595381437991,98.20262744808508,,,,,
2015,11,TOTAL FRUITS (HORS VANILLE),535557.0,156500.0,44636572.0,285.2177124600639,111.11451019171945,,,,,
2015,8,TOTAL FRUITS (HORS VANILLE),263113.0,136462.0,36202852.0,265.2962143307294,117.20885858121783,,,,,
2016,4,TOTAL FRUITS (HORS VANILLE),293720.3,192385.0,48478630.0,251.9875769940484,95.33248315092946,,,,,
2016,9,TOTAL FRUITS (HORS VANILLE),313466.0,117508.0,36559377.0,311.12245123736255,113.8867230561637,,,,,
2017,11,TOTAL FRUITS (HORS VANILLE),551798.0,193891.0,53011684.0,273.4097198941673,105.23109104190705,,,,,
2017,3,TOTAL FRUITS (HORS VANILLE),279089.0,188448.0,50474766.0,267.84453005603666,100.7413115114484,,,,,
2017,8,TOTAL FRUITS (HORS VANILLE),199031.0,91292.0,24794165.0,271.5918700433773,132.98335243487617,,,,,
2018,10,TOTAL FRUITS (HORS VANILLE),356373.1,67324.2,21033324.0,312.41847656563317,108.76415580664714,,,,,
2018,5,TOTAL FRUITS (HORS VANILLE),260335.0,134757.6,38584804.0,286.327479860134,112.17668957728097,,,,,
2019,5,TOTAL FRUITS (HORS VANILLE),347776.0,105847.0,34342550.0,324.4546373539165,106.51926604141784,,,,,
2019,2,TOTAL FRUITS (HORS VANILLE),266006.7,93939.0,26241024.0,279.34110433366334,101.0426389967141,,,,,
2019,11,TOTAL FRUITS (HORS VANILLE),662703.0,65548.0,21230065.0,323.8857783608958,103.3929933817864,,,,,
2020,12,TOTAL FRUITS (HORS VANILLE),655276.0,189889.9,60555886.0,318.89998362208837,93.08041924469919,103.76863692008132,2020-12-16,2021-01-15,273.32000000000005,0.0
2020,7,TOTAL FRUITS (HORS VANILLE),236647.0,50408.5,17309005.0,343.3747284684131,92.18914940631753,113.65283515767501,,,,
2020,2,TOTAL FRUITS (HORS VANILLE),379861.0,62312.47,15808741.0,253.70108101957763,88.92929996153708,78.69408793346173,,,,
2020,10,TOTAL FRUITS (HORS VANILLE),425794.0,101600.9,35852205.0,352.8729076218813,95.9375804661282,117.48526488885315,,,,
2020,8,TOTAL FRUITS (HORS VANILLE),337610.0,52828.799999999996,17160161.0,324.82587149433647,92.29667946994161,109.96455478425796,,,,
2020,1,TOTAL FRUITS (HORS VANILLE),518508.0,122975.0,30942250.0,251.6141492173206,89.60737022221494,82.95210641990496,,,,
2021,10,TOTAL FRUITS (HORS VANILLE),466290.0,103413.7,28509160.0,275.68068834206684,102.43242274322981,89.63550793525593,2021-10-16,2021-11-15,357.90000000000003,0.0
2021,2,TOTAL FRUITS (HORS VANILLE),314383.0,122141.3,33152865.0,271.43042525337455,90.00525639092629,84.6496921490996,2021-02-16,2021-03-15,318.665,0.0
2021,7,TOTAL FRUITS (HORS VANILLE),225031.0,82880.90000000001,28298720.0,341.4383772376989,100.9501280830357,111.41329329641849,2021-07-16,2021-08-15,256.295,0.0
2021,6,TOTAL FRUITS (HORS VANILLE),290057.0,69899.85,24091291.0,344.65440197654215,99.15421489722688,113.20009858346236,2021-06-16,2021-07-15,192.44,0.0
2021,11,TOTAL FRUITS (HORS VANILLE),492887.0,196494.1,56410309.0,287.0839836921312,103.60818945290666,93.30783194384772,2021-11-16,2021-12-15,420.1,0.0
2021,12,TOTAL FRUITS (HORS VANILLE),437170.0,143063.4,45908570.0,320.8966793743194,100.0,104.1680165250052,2021-12-01,2021-12-31,411.51000000000005,115.775
2021,5,TOTAL FRUITS (HORS VANILLE),253082.0,82844.5,30903533.0,373.03059346124365,98.925001826703,121.88644838929443,2021-05-16,2021-06-15,166.448,0.0
2022,9,TOTAL FRUITS (HORS VANILLE),211124.0,45539.35,18143630.0,398.41653427200873,106.67371695771095,130.61195432035404,2022-09-16,2022-10-15,518.4150000000001,200.75099999999998
2022,6,TOTAL FRUITS (HORS VANILLE),243834.0,73130.98999999999,28368619.0,387.9151506085177,106.79422688837255,127.23149948068095,2022-06-16,2022-07-15,162.6,43.121
2022,5,TOTAL FRUITS (HORS VANILLE),277190.0,79757.7,31522803.0,395.23209671291926,104.72579258612183,130.14721258124663,2022-05-16,2022-06-15,268.95,86.989
2023,4,TOTAL FRUITS (HORS VANILLE),213369.0,94276.45999999999,28662328.0,304.02422831744,100.23234344876607,98.38801160438719,2023-04-16,2023-05-15,277.614,50.659000000000006
2012,2,TOTAL LEGUMES,351720.5,164108.20112146504,47109362.0,287.0628139122182,94.24213296502619,,,,,
2012,12,TOTAL LEGUMES,619449.1,378692.11162186007,83089362.0,219.41138843411719,80.59003962938735,,,,,
2012,4,TOTAL LEGUMES,340793.70000000007,192072.806468321,54531861.053761005,283.9124499529561,106.9818546430411,,,,,
2013,10,TOTAL LEGUMES,864397.3999999999,586668.0,133420680.0,227.4210967702346,81.62796701971182,,,,,
2013,7,TOTAL LEGUMES,704262.6,367758.11256161606,121925974.289255,331.5385035016104,99.74147405730989,,,,,
2013,3,TOTAL LEGUMES,642566.05,252146.10961589147,79897783.225476,316.87097352875617,91.45479569907417,,,,,
2014,6,TOTAL LEGUMES,708929.4,315658.0,97538883.0,309.0017772399242,95.17124538701019,,,,,
2015,4,TOTAL LEGUMES,362098.55000000005,151547.0,67336523.0,444.3276541271025,103.74251673936713,,,,,
2016,2,TOTAL LEGUMES,468214.5,236508.0,71341200.0,301.6439190217667,93.55576162626323,,,,,
2016,10,TOTAL LEGUMES,1092725.3000000003,411659.2,100886900.0,245.07383777649085,82.66589441003629,,,,,
2016,4,TOTAL LEGUMES,398931.05,207820.0,72088480.0,346.87941487826004,109.1665243920305,,,,,
2017,3,TOTAL LEGUMES,417229.0,185933.2,74290197.0,399.5531567251034,106.18666833593767,,,,,
2017,7,TOTAL LEGUMES,842379.3,242478.0,85052851.0,350.76522818564985,96.08361704463412,,,,,
2017,8,TOTAL LEGUMES,1052586.9,360447.0,107009255.0,296.8793054179949,91.95701862987634,,,,,
2018,1,TOTAL LEGUMES,649703.8,300058.0,87398374.0,291.27160082384074,100.20184507721187,,,,,
2018,8,TOTAL LEGUMES,1091080.6,75667.75000000001,19270644.0,254.67446831708352,90.34990525130941,,,,,
2018,2,TOTAL LEGUMES,436155.4,165692.69999999998,65242859.0,393.7581981583981,102.52044094108187,,,,,
2019,11,TOTAL LEGUMES,1210497.5,146659.05,38227949.0,260.658643295453,85.1267867709669,,,,,
2019,8,TOTAL LEGUMES,1038982.4,217178.35000000003,67952382.0,312.887458625595,95.34702341279095,,,,,
2019,6,TOTAL LEGUMES,658110.1000000001,138659.55,49069836.0,353.88717185365164,95.67346831781236,,,,,
2019,7,TOTAL LEGUMES,933797.9,170576.4,57352665.8,336.2286095849133,96.0082836050138,,,,,
2020,10,TOTAL LEGUMES,1044939.0,295399.41,74307282.0,251.54851189445506,83.6236829720494,68.74201365632344,,,,
2021,12,TOTAL LEGUMES,506298.0,187567.17,69048504.0,368.1268102514955,100.0,91.91063402845367,2021-12-16,2022-01-15,678.5999999999999,1385.5889999999997
2021,4,TOTAL LEGUMES,316173.4,146210.87,76523921.0,523.3805188355695,125.9106879208049,134.6961664791013,2021-04-16,2021-05-15,1207.55,0.0
2022,2,TOTAL LEGUMES,328508.5,108496.39,57145556.0,526.7046765334773,131.3734246328611,128.4982611188432,2022-02-16,2022-03-15,1279.6500000000003,454.96799999999996
2022,4,TOTAL LEGUMES,353177.1,96591.05,52174405.0,540.1577578875061,133.74250922475994,147.0,2022-04-16,2022-05-15,993.29,366.87699999999995
2022,3,TOTAL LEGUMES,339157.0,106290.05,59675407.0,561.4392598366451,130.63545428816784,138.80330006798062,2022-03-16,2022-04-15,1117.7999999999997,350.992
2022,7,TOTAL LEGUMES,564254.5,147399.38,68039515.0,461.5997367153105,122.86855988310438,116.21493317318405,2022-07-16,2022-08-15,469.47,199.28900000000004
2023,6,TOTAL LEGUMES,403144.0,132011.41,63893732.0,484.00158743854035,138.14484504165807,134.17161962923703,2023-06-16,2023-07-15,626.8899999999998,359.308
2023,2,TOTAL LEGUMES,310164.0,86046.69999999998,43897246.0,510.15606641509794,138.7351480956996,113.4491818072672,2023-02-16,2023-03-15,959.35,536.538
2023,5,TOTAL LEGUMES,394799.0,118086.15,59405577.0,503.0698096262771,143.34122826872488,128.00911118681103,2023-05-16,2023-06-15,787.9929999999998,588.9710000000001
2012,11,TOTAL FRUITS (HORS VANILLE),497317.0,241206.34008270002,62864728.0,260.6263499477095,98.7450169215633,,,,,
2012,10,TOTAL FRUITS (HORS VANILLE),514584.5,229928.15076,52714511.0,229.2651457673125,94.04430815141869,,,,,
2012,6,TOTAL FRUITS (HORS VANILLE),431650.0,242123.56771418,54702593.5,225.92841339829775,88.45468329974032,,,,,
2013,9,TOTAL FRUITS (HORS VANILLE),347726.0,130192.49351890002,32414261.87498,248.97181856551833,100.22905478649677,,,,,
2013,12,TOTAL FRUITS (HORS VANILLE),531070.0,263022.0,66090210.0,251.27255514747816,102.70747335280699,,,,,
2013,5,TOTAL FRUITS (HORS VANILLE),374722.0,189556.17687710002,50685576.0,267.39079060906744,91.26456209984279,,,,,
2013,8,TOTAL FRUITS (HORS VANILLE),306386.0,164862.77823890376,41528446.6563,251.8970449237538,105.64541633414736,,,,,
2013,10,TOTAL FRUITS (HORS VANILLE),381737.0,181515.0,49170119.0,270.8873591714183,90.92556867891889,,,,,
2013,2,TOTAL FRUITS (HORS VANILLE),304722.0,188042.079681,41748290.1035,222.01567954536029,91.98021487734877,,,,,
2013,3,TOTAL FRUITS (HORS VANILLE),341853.0,159567.02546361188,39441793.8516,247.1801033891831,88.60534704237317,,,,,
2014,11,TOTAL FRUITS (HORS VANILLE),449033.5,147137.0,46979072.0,319.28795612252526,100.02565873394244,,,,,
2014,5,TOTAL FRUITS (HORS VANILLE),375894.0,174232.0,45868522.0,263.2611804949722,94.0819740870769,,,,,
2014,1,TOTAL FRUITS (HORS VANILLE),426167.0,206305.0,52791967.0,255.8928140374688,91.60355552076668,,,,,
2014,4,TOTAL FRUITS (HORS VANILLE),284930.0,155371.0,38525409.0,247.95752746651564,90.04418578451678,,,,,
2015,12,TOTAL FRUITS (HORS VANILLE),718188.0,216192.0,64036703.0,296.2029261027235,104.19151121774046,,,,,
2015,7,TOTAL FRUITS (HORS VANILLE),327978.0,152297.0,40041542.0,262.91747046888645,109.25381297020388,,,,,
2015,9,TOTAL FRUITS (HORS VANILLE),300883.0,153748.0,42487548.0,276.3453703462809,113.45733138966013,,,,,
2015,4,TOTAL FRUITS (HORS VANILLE),260967.0,168732.0,42257132.0,250.43934760448522,97.12538168826026,,,,,
2015,1,TOTAL FRUITS (HORS VANILLE),421740.0,214483.0,52121512.0,243.00999146785526,94.95582379434737,,,,,
2016,3,TOTAL FRUITS (HORS VANILLE),322778.0,169087.0,43541273.0,257.50810529490735,94.33056926242108,,,,,
2016,10,TOTAL FRUITS (HORS VANILLE),302466.0,118877.0,36549708.0,307.4581962869184,108.01837028061458,,,,,
2016,1,TOTAL FRUITS (HORS VANILLE),418072.0,290704.0,76785113.0,264.13504114150476,96.4699944078074,,,,,
2017,1,TOTAL FRUITS (HORS VANILLE),255646.0,218479.0,55817044.0,255.48013310203726,98.1046960153737,,,,,
2017,4,TOTAL FRUITS (HORS VANILLE),255950.0,135895.0,38189258.0,281.0203318738732,96.22893241959487,,,,,
2017,5,TOTAL FRUITS (HORS VANILLE),195637.0,172893.0,48095458.0,278.1804815695257,100.2893202835499,,,,,
2017,9,TOTAL FRUITS (HORS VANILLE),256838.0,142708.0,41735207.0,292.4517686464669,106.93359133365813,,,,,
2018,3,TOTAL FRUITS (HORS VANILLE),210222.0,113112.2,35312504.0,312.1900555377758,108.1087685261943,,,,,
2018,11,TOTAL FRUITS (HORS VANILLE),552945.0,100777.0,26318057.0,261.1514234398722,112.46295068828337,,,,,
2018,12,TOTAL FRUITS (HORS VANILLE),749924.0,92047.0,27042033.0,293.7850554607972,96.64325771183518,,,,,
2018,2,TOTAL FRUITS (HORS VANILLE),204916.0,107003.7,28274930.0,264.24254488396195,108.17656721037908,,,,,
2019,6,TOTAL FRUITS (HORS VANILLE),365188.0,87313.6,29195118.0,334.37079676018396,120.53852729340359,,,,,
2019,9,TOTAL FRUITS (HORS VANILLE),278066.0,49577.4,16216037.0,327.08526465687993,108.1087685261943,,,,,
2019,3,TOTAL FRUITS (HORS VANILLE),238860.0,71842.0,21491648.0,299.1515826396815,100.43998402618276,,,,,
2019,1,TOTAL FRUITS (HORS VANILLE),376099.0,148596.0,35597263.0,239.55734340089907,102.0144201366959,,,,,
2019,8,TOTAL FRUITS (HORS VANILLE),317328.0,49892.2,16289464.0,326.49319933777224,126.1206189579503,,,,,
2019,7,TOTAL FRUITS (HORS VANILLE),417860.5,77352.0,24449736.0,316.08408315234254,136.97594161464642,,,,,
2020,11,TOTAL FRUITS (HORS VANILLE),640450.0,145523.15,43209592.0,296.9258980444005,95.5401078485771,97.56977509480238,,,,
2020,4,TOTAL FRUITS (HORS VANILLE),399656.0,116584.3,36444063.9,312.59838503126065,89.09032559601133,100.23158019652865,,,,
2020,3,TOTAL FRUITS (HORS VANILLE),433814.0,120403.5,38623247.0,320.78176298861746,88.48468161841174,101.90330953954117,,,,
2021,9,TOTAL FRUITS (HORS VANILLE),288411.0,54657.7,18701004.0,342.1476571462027,106.98196207810402,111.39906320614128,2021-09-16,2021-10-15,338.80100000000004,0.0
2021,4,TOTAL FRUITS (HORS VANILLE),270606.0,112268.16999999998,36114780.0,321.6831627343708,93.33702240826386,104.47124357348554,2021-04-16,2021-05-15,240.4,0.0
2021,1,TOTAL FRUITS (HORS VANILLE),391686.0,140075.0,35334775.0,252.25611279671605,90.96249134068904,91.5058338530868,2021-01-16,2021-02-15,267.15,127.278
2021,8,TOTAL FRUITS (HORS VANILLE),214520.0,86082.09999999999,28113058.0,326.58424922254454,104.75076112106287,107.72467137858337,2021-08-16,2021-09-15,247.95,0.0
2022,4,TOTAL FRUITS (HORS VANILLE),242598.0,82247.3,29246298.0,355.58976404088645,105.84870275202249,115.95716814325678,2022-04-16,2022-05-15,234.0,43.419000000000004
2022,7,TOTAL FRUITS (HORS VANILLE),214410.0,53125.8,20014853.0,376.744500788694,104.42153669423186,125.89790069322542,2022-07-16,2022-08-15,238.501,90.404
2022,8,TOTAL FRUITS (HORS VANILLE),200046.0,49616.810000000005,19155913.0,386.077077506595,104.55775284701218,127.59292216291784,2022-08-16,2022-09-15,388.15999999999997,171.465
2022,12,TOTAL FRUITS (HORS VANILLE),290039.5,123519.15000000001,42349154.0,342.8549662137409,102.70841308375411,111.22308189107429,2022-12-16,2023-01-15,378.014,101.16299999999998
2022,3,TOTAL FRUITS (HORS VANILLE),169908.0,99471.68,35889911.0,360.8053166489196,105.94682099756676,116.43740754031985,2022-03-16,2022-04-15,342.402,91.487
2023,2,TOTAL FRUITS (HORS VANILLE),201867.0,87850.30000000002,31455900.0,358.06252226799444,104.77276184350328,118.3640046867738,2023-02-16,2023-03-15,360.00999999999993,121.755
2023,5,TOTAL FRUITS (HORS VANILLE),183015.0,89490.6,30067462.0,335.98458385573457,102.2212729588835,110.11762151583666,2023-05-16,2023-06-15,232.92499999999998,144.757
2012,10,TOTAL LEGUMES,884585.7,588545.21060151,134978799.0,229.34312703360175,84.37345237476366,,,,,
2012,11,TOTAL LEGUMES,671057.45,598292.7663906609,131240828.0,219.35887473910233,81.8790784851129,,,,,
2013,4,TOTAL LEGUMES,572904.95,246243.37073462593,75751967.59961,307.63048513191103,98.72028743134548,,,,,
2013,12,TOTAL LEGUMES,718428.0,363774.0,115086108.0,316.3670520707912,90.99442467917218,,,,,
2013,2,TOTAL LEGUMES,480959.7,252119.1900177883,85955224.537598,340.9309086370356,96.23428392387477,,,,,
2013,9,TOTAL LEGUMES,831748.5,296465.6296651011,95404435.97659999,321.80605921965554,88.50005078952144,,,,,
2014,4,TOTAL LEGUMES,546895.2,230801.0,78901655.0,341.8601089250047,89.68027467690652,,,,,
2014,12,TOTAL LEGUMES,583132.6,341635.0,99432540.0,291.04904356989186,89.33708900752505,,,,,
2014,3,TOTAL LEGUMES,394908.0,167874.0,70747686.0,421.43325351156227,95.12939347611001,,,,,
2014,7,TOTAL LEGUMES,959646.2,407514.0,110953288.0,272.26865334687886,92.46761194285854,,,,,
2014,10,TOTAL LEGUMES,1001711.1,579127.0,148500607.0,256.4214878601758,91.24553614457328,,,,,
2014,8,TOTAL LEGUMES,988551.55,510032.0,128115186.0,251.19048608714746,86.96827085057484,,,,,
2014,11,TOTAL LEGUMES,869370.65,425016.0,108939884.0,256.3194891486438,88.03967976961945,,,,,
2014,2,TOTAL LEGUMES,325222.2,146957.0,55037993.0,374.51766843362344,101.00540176649534,,,,,
2014,9,TOTAL LEGUMES,984491.1000000001,481134.0,124130857.0,257.99643550445404,88.51679155388152,,,,,
2015,10,TOTAL LEGUMES,1130653.9000000001,550217.0,119949231.0,218.00349861963554,83.61174759638037,,,,,
2015,11,TOTAL LEGUMES,1070139.0499999998,419379.0,89151403.0,212.57955930077566,79.67766797176341,,,,,
2015,1,TOTAL LEGUMES,501171.00000000006,336237.0,102521096.0,304.9072410234448,91.48827722779431,,,,,
2015,12,TOTAL LEGUMES,825200.8300000001,387185.0,89279156.0,230.58526544158477,83.14300619429835,,,,,
2015,3,TOTAL LEGUMES,299623.05,162008.0,70511370.0,435.23387733939063,114.56542089815379,,,,,
2015,6,TOTAL LEGUMES,657770.95,266890.0,86948595.0,325.7843868260332,90.76842436031122,,,,,
2016,8,TOTAL LEGUMES,1126456.7000000002,355138.0,104809236.0,295.1225608073481,91.6222033426749,,,,,
2016,3,TOTAL LEGUMES,416336.05,179967.0,65050285.0,361.4567392910923,104.85577756931194,,,,,
2016,12,TOTAL LEGUMES,728985.0999999999,411496.0,125658401.0,305.3696779555573,101.67503234089823,,,,,
2016,9,TOTAL LEGUMES,1044551.8000000002,456999.0,121181914.0,265.16888220761973,89.46264474022558,,,,,
2016,7,TOTAL LEGUMES,913005.7499999999,316278.0,103239138.0,326.41896685827027,96.36821003875535,,,,,
2016,1,TOTAL LEGUMES,673315.2000000001,434401.0,127738634.0,294.0569519867588,92.47598232503857,,,,,
2017,2,TOTAL LEGUMES,415807.19999999995,153768.4,56787588.0,369.3059692368523,98.8625839284061,,,,,
2017,11,TOTAL LEGUMES,921913.5,425056.0,113294452.0,266.54006060377924,93.82361385602438,,,,,
2017,9,TOTAL LEGUMES,1088600.8,547926.0,142379207.0,259.8511605581776,93.07864984200117,,,,,
2017,10,TOTAL LEGUMES,1145306.2999999998,360249.0,86935630.0,241.32094745578752,91.37109187727381,,,,,
2017,5,TOTAL LEGUMES,349291.19999999995,189181.0,80206477.0,423.9668729946453,104.91437024457218,,,,,
2017,12,TOTAL LEGUMES,1076873.2999999998,479934.0,146630903.0,305.5230573370505,101.7168842517984,,,,,
2018,6,TOTAL LEGUMES,679607.0,208253.04999999996,68717711.0,329.97217087576877,94.8699116285289,,,,,
2019,3,TOTAL LEGUMES,386408.1,96421.40000000002,43861529.300000004,454.89413449711367,103.76762788590725,,,,,
2019,1,TOTAL LEGUMES,740737.0000000001,283602.0,87632917.0,308.99964386710957,94.76109666018843,,,,,
2019,12,TOTAL LEGUMES,1073389.0,163631.1,52191972.0,318.96119991859734,90.00671958192794,,,,,
2019,5,TOTAL LEGUMES,551372.0,133832.6,52482610.0,392.15116496279677,94.25887372938627,,,,,
2019,10,TOTAL LEGUMES,1198290.5,179672.4,43871807.0,244.17666263711067,87.40353072393671,,,,,
2019,9,TOTAL LEGUMES,1084689.8,191242.15,49170840.0,257.1129847682637,91.10323964751267,,,,,
2019,4,TOTAL LEGUMES,490394.39999999997,145709.19999999998,60309629.4,413.90405959266815,99.2559918908678,,,,,
2020,7,TOTAL LEGUMES,872081.0,158806.98,56611436.0,356.4795199807968,97.19201750064552,99.0677404660427,,,,
2020,8,TOTAL LEGUMES,1080901.85,233771.80000000002,75591965.0,323.35792854399034,93.64815457443493,91.62780166535184,,,,
2020,5,TOTAL LEGUMES,619415.1,71277.84999999999,26630081.25,373.6094908867201,99.68873361555748,101.68285403248109,,,,
2021,5,TOTAL LEGUMES,464389.0,110808.40000000002,55816475.0,503.7206114337901,125.58022905468599,129.3053450566094,2021-05-17,2021-06-16,886.1699999999998,0.0
2021,6,TOTAL LEGUMES,466481.0,156930.22999999998,75443917.0,480.74814521077303,119.79647161965087,126.20206300907519,2021-06-16,2021-07-15,421.06000000000006,0.0
2022,1,TOTAL LEGUMES,310268.1,101593.91000000002,51558183.0,507.49285070335407,124.94521948807551,131.41652880193254,2022-01-16,2022-02-15,1279.7199999999998,751.9379999999999
2022,6,TOTAL LEGUMES,586980.1,131966.2,65686214.0,497.75028757363623,129.14280373404225,133.5015696149867,2022-06-16,2022-07-15,638.8799999999999,262.667
2022,5,TOTAL LEGUMES,451661.2,117155.68000000001,63523667.0,542.2158532987901,136.73604073817577,146.99621854227763,2022-05-16,2022-06-15,977.344,460.073
2022,8,TOTAL LEGUMES,550932.0,165516.03,70913770.0,428.4404960655472,123.10405048927893,114.66584325185609,2022-08-16,2022-09-15,400.23,188.72499999999997
2022,10,TOTAL LEGUMES,618494.0,197955.90000000002,72085639.0,364.14998997251405,120.68746879146943,99.55497990158968,2022-10-16,2022-11-15,322.27,121.33299999999998
2023,1,TOTAL LEGUMES,481412.6,115658.44,62633350.0,541.5372194195253,141.617866519701,149.61885071761222,2023-01-16,2023-02-15,1039.436,538.8120000000001
2012,1,TOTAL FRUITS (HORS VANILLE),441629.0,314155.0,66441463.0,211.4926167019465,85.17774689747606,,,,,
2012,5,TOTAL FRUITS (HORS VANILLE),386839.0,195962.6001026,44535839.0,227.2670345090461,87.78422964502418,,,,,
2012,2,TOTAL FRUITS (HORS VANILLE),354403.0,120970.30033289999,27781257.0,229.65353416126388,84.50729324275991,,,,,
2013,11,TOTAL FRUITS (HORS VANILLE),473590.0,252810.0,64987133.0,257.0591867410308,100.56804820742066,,,,,
2013,7,TOTAL FRUITS (HORS VANILLE),295323.0,200743.22014220004,47760087.5234,237.91631662363636,100.80157700850155,,,,,
2013,1,TOTAL FRUITS (HORS VANILLE),414152.0,276024.0,58753065.0,212.85491479001826,87.60343315386477,,,,,
2014,3,TOTAL FRUITS (HORS VANILLE),203204.0,132037.0,33767726.0,255.744420124662,88.61288022950481,,,,,
2014,12,TOTAL FRUITS (HORS VANILLE),627680.0,261662.0,80284161.0,306.8239217005144,97.93896589847759,,,,,
2014,8,TOTAL FRUITS (HORS VANILLE),269402.0,156790.0,45805006.0,292.14239428534984,104.31204221184673,,,,,
2015,5,TOTAL FRUITS (HORS VANILLE),276398.0,147887.0,36824723.0,249.0058152508334,96.65832408609846,,,,,
2015,3,TOTAL FRUITS (HORS VANILLE),278830.0,172450.0,42637663.0,247.2465236300377,91.1590974799998,,,,,
2015,10,TOTAL FRUITS (HORS VANILLE),384114.0,184828.0,49915263.0,270.0633183283918,108.76415580664714,,,,,
2016,8,TOTAL FRUITS (HORS VANILLE),211657.0,107122.0,31191446.0,291.1768450925113,123.25800784792635,,,,,
2016,7,TOTAL FRUITS (HORS VANILLE),187175.0,116132.0,32858297.0,282.9392157200427,122.88134849134424,,,,,
2016,12,TOTAL FRUITS (HORS VANILLE),560470.0,235105.0,65460570.0,278.4312115863125,108.91481954928,,,,,
2016,11,TOTAL FRUITS (HORS VANILLE),509989.0,89530.0,25528523.0,285.1393164302468,105.08796048640585,,,,,
2016,6,TOTAL FRUITS (HORS VANILLE),184817.0,104222.0,26717790.0,256.35460843200093,105.06536092501092,,,,,
2016,5,TOTAL FRUITS (HORS VANILLE),286561.0,86082.0,21551337.0,250.35822820101762,95.43041458364081,,,,,
2016,2,TOTAL FRUITS (HORS VANILLE),338224.0,167097.0,43797109.0,262.10589657504323,92.81639864896104,,,,,
2017,12,TOTAL FRUITS (HORS VANILLE),623192.0,266256.0,81594269.0,306.45044243134424,97.93896589847759,,,,,
2017,6,TOTAL FRUITS (HORS VANILLE),161425.5,139401.0,38367623.0,275.2320499852942,103.86005098394821,,,,,
2017,7,TOTAL FRUITS (HORS VANILLE),143805.6,104855.0,28768803.0,274.3674884364122,106.41380142157485,,,,,
2017,2,TOTAL FRUITS (HORS VANILLE),266581.7,133336.0,34437449.0,258.27570198596027,101.75075858708844,,,,,
2017,10,TOTAL FRUITS (HORS VANILLE),285710.0,94852.0,24932865.0,262.8607198583056,109.54007408120627,,,,,
2018,8,TOTAL FRUITS (HORS VANILLE),242447.9,15934.0,4543955.0,285.17352830425506,121.63837261462332,,,,,
2018,9,TOTAL FRUITS (HORS VANILLE),264990.5,43215.3,12516737.0,289.63670274185296,109.4044767128367,,,,,
2018,7,TOTAL FRUITS (HORS VANILLE),265135.0,61269.6,17733765.0,289.43823690704687,131.6951774353654,,,,,
2018,1,TOTAL FRUITS (HORS VANILLE),290143.5,127367.0,33871111.0,265.9331773536316,105.148225983459,,,,,
2018,4,TOTAL FRUITS (HORS VANILLE),214321.0,132564.5,37190813.0,280.5488120877007,109.45720902275822,,,,,
2018,6,TOTAL FRUITS (HORS VANILLE),269500.3,124409.7,37793883.0,303.78566140743044,112.05615858317469,,,,,
2019,4,TOTAL FRUITS (HORS VANILLE),276599.0,118525.7,40291903.0,339.9423331817488,103.51352437589267,,,,,
2019,10,TOTAL FRUITS (HORS VANILLE),361186.0,48996.0,16101590.0,328.63070454730996,111.63430010380274,,,,,
2019,12,TOTAL FRUITS (HORS VANILLE),766975.0,97728.1,29047870.5,297.2315076216564,100.16125610231198,,,,,
2020,6,TOTAL FRUITS (HORS VANILLE),311735.0,60594.7,19590602.0,323.30553662283995,90.19037285410145,110.82975523752225,,,,
2020,5,TOTAL FRUITS (HORS VANILLE),362922.0,74486.9,23156899.3,310.88552886480716,90.09564937569294,103.50673019207055,,,,
2020,9,TOTAL FRUITS (HORS VANILLE),428267.0,57778.100000000006,19705666.0,341.0577017935861,96.21506991380636,115.16870618601851,,,,
2021,3,TOTAL FRUITS (HORS VANILLE),263353.0,119639.3,35135486.0,293.67846518660673,90.33158960393479,93.32072813914746,2021-03-16,2021-04-15,204.11999999999998,0.0
2022,10,TOTAL FRUITS (HORS VANILLE),118486.0,59220.600000000006,22625209.0,382.04964150987996,105.48441955420058,121.68012105600457,2022-10-16,2022-11-15,507.65,160.388
2022,1,TOTAL FRUITS (HORS VANILLE),206517.0,81878.75,31675131.0,386.8541104987558,99.24902970633079,124.64316575131119,2022-01-16,2022-02-15,364.40000000000003,128.85099999999997
2022,2,TOTAL FRUITS (HORS VANILLE),190934.0,60449.350000000006,23307196.0,385.5657008718869,104.56259459797405,123.48701762048361,2022-02-16,2022-03-15,441.9,173.525
2022,11,TOTAL FRUITS (HORS VANILLE),332435.0,84343.6,31212522.0,370.063905263707,104.90316913938057,114.89623582180899,2022-11-16,2022-12-15,505.4000000000001,163.34099999999998
2023,3,TOTAL FRUITS (HORS VANILLE),247988.0,104622.5,36761578.0,351.3735381968506,101.21804563652701,112.68787692943232,2023-03-16,2023-04-15,271.02,73.796
2023,6,TOTAL FRUITS (HORS VANILLE),195517.0,64261.45,20644849.0,321.26335462396196,99.21649085028542,105.22375808949805,2023-06-16,2023-07-15,211.60999999999999,107.886
2023,1,TOTAL FRUITS (HORS VANILLE),230952.0,106547.60000000002,37590820.0,352.8077591611636,100.60401560765385,114.167808123987,2023-01-16,2023-02-15,528.9200000000001,154.48000000000002
2023,7,TOTAL FRUITS (HORS VANILLE),,50883.8,17155566.0,337.15182435274096,,,,,,
